Command,Type,SeqNum,Preamble,TrackStatus,LapNumber,GreenTime,GreenLaps,YellowTime,YellowLaps,RedTime,NumYellows,CurrLeader,NumLeadChanges,AveRaceSpeed
F,New,3,R.I,Unflagged,0,00:00:00,0,00:00:00,0,00:00:00,0,,0,0
F,Repeat,3,R.I,Unflagged,0,00:00:00,0,00:00:00,0,00:00:00,0,,0,0
F,Repeat,3,R.I,Unflagged,0,00:00:00,0,00:00:00,0,00:00:00,0,,0,0
F,Repeat,3,R.I,Unflagged,0,00:00:00,0,00:00:00,0,00:00:00,0,,0,0
F,Repeat,3,R.I,Unflagged,0,00:00:00,0,00:00:00,0,00:00:00,0,,0,0
F,Repeat,3,R.I,Unflagged,0,00:00:00,0,00:00:00,0,00:00:00,0,,0,0
F,Repeat,3,R.I,Unflagged,0,00:00:00,0,00:00:00,0,00:00:00,0,,0,0
F,Repeat,3,R.I,Unflagged,0,00:00:00,0,00:00:00,0,00:00:00,0,,0,0
F,Repeat,3,R.I,Unflagged,0,00:00:00,0,00:00:00,0,00:00:00,0,,0,0
F,Repeat,3,R.I,Unflagged,0,00:00:00,0,00:00:00,0,00:00:00,0,,0,0
F,Repeat,3,R.I,Unflagged,0,00:00:00,0,00:00:00,0,00:00:00,0,,0,0
F,Repeat,3,R.I,Unflagged,0,00:00:00,0,00:00:00,0,00:00:00,0,,0,0
F,Repeat,3,R.I,Unflagged,0,00:00:00,0,00:00:00,0,00:00:00,0,,0,0
F,Repeat,3,R.I,Unflagged,0,00:00:00,0,00:00:00,0,00:00:00,0,,0,0
F,Repeat,3,R.I,Unflagged,0,00:00:00,0,00:00:00,0,00:00:00,0,,0,0
F,Repeat,3,R.I,Unflagged,0,00:00:00,0,00:00:00,0,00:00:00,0,,0,0
F,Repeat,3,R.I,Unflagged,0,00:00:00,0,00:00:00,0,00:00:00,0,,0,0
F,Repeat,3,R.I,Unflagged,0,00:00:00,0,00:00:00,0,00:00:00,0,,0,0
F,Repeat,3,R.I,Unflagged,0,00:00:00,0,00:00:00,0,00:00:00,0,,0,0
F,Repeat,3,R.I,Unflagged,0,00:00:00,0,00:00:00,0,00:00:00,0,,0,0
F,Repeat,3,R.I,Unflagged,0,00:00:00,0,00:00:00,0,00:00:00,0,,0,0
F,Repeat,3,R.I,Unflagged,0,00:00:00,0,00:00:00,0,00:00:00,0,,0,0
F,Repeat,3,R.I,Unflagged,0,00:00:00,0,00:00:00,0,00:00:00,0,,0,0
F,Repeat,3,R.I,Unflagged,0,00:00:00,0,00:00:00,0,00:00:00,0,,0,0
F,Repeat,3,R.I,Unflagged,0,00:00:00,0,00:00:00,0,00:00:00,0,,0,0
F,Repeat,3,R.I,Unflagged,0,00:00:00,0,00:00:00,0,00:00:00,0,,0,0
F,Repeat,3,R.I,Unflagged,0,00:00:00,0,00:00:00,0,00:00:00,0,,0,0
F,Repeat,3,R.I,Unflagged,0,00:00:00,0,00:00:00,0,00:00:00,0,,0,0
F,Repeat,3,R.I,Unflagged,0,00:00:00,0,00:00:00,0,00:00:00,0,,0,0
F,Repeat,3,R.I,Unflagged,0,00:00:00,0,00:00:00,0,00:00:00,0,,0,0
F,Repeat,3,R.I,Unflagged,0,00:00:00,0,00:00:00,0,00:00:00,0,,0,0
F,Repeat,3,R.I,Unflagged,0,00:00:00,0,00:00:00,0,00:00:00,0,,0,0
F,Repeat,3,R.I,Unflagged,0,00:00:00,0,00:00:00,0,00:00:00,0,,0,0
F,Repeat,3,R.I,Unflagged,0,00:00:00,0,00:00:00,0,00:00:00,0,,0,0
F,Repeat,3,R.I,Unflagged,0,00:00:00,0,00:00:00,0,00:00:00,0,,0,0
F,Repeat,3,R.I,Unflagged,0,00:00:00,0,00:00:00,0,00:00:00,0,,0,0
F,Repeat,3,R.I,Unflagged,0,00:00:00,0,00:00:00,0,00:00:00,0,,0,0
F,Repeat,3,R.I,Unflagged,0,00:00:00,0,00:00:00,0,00:00:00,0,,0,0
F,Repeat,3,R.I,Unflagged,0,00:00:00,0,00:00:00,0,00:00:00,0,,0,0
F,Repeat,3,R.I,Unflagged,0,00:00:00,0,00:00:00,0,00:00:00,0,,0,0
F,Repeat,3,R.I,Unflagged,0,00:00:00,0,00:00:00,0,00:00:00,0,,0,0
F,Repeat,3,R.I,Unflagged,0,00:00:00,0,00:00:00,0,00:00:00,0,,0,0
F,Repeat,3,R.I,Unflagged,0,00:00:00,0,00:00:00,0,00:00:00,0,,0,0
F,Repeat,3,R.I,Unflagged,0,00:00:00,0,00:00:00,0,00:00:00,0,,0,0
F,Repeat,3,R.I,Unflagged,0,00:00:00,0,00:00:00,0,00:00:00,0,,0,0
F,Repeat,3,R.I,Unflagged,0,00:00:00,0,00:00:00,0,00:00:00,0,,0,0
F,Repeat,3,R.I,Unflagged,0,00:00:00,0,00:00:00,0,00:00:00,0,,0,0
F,Repeat,3,R.I,Unflagged,0,00:00:00,0,00:00:00,0,00:00:00,0,,0,0
F,Repeat,3,R.I,Unflagged,0,00:00:00,0,00:00:00,0,00:00:00,0,,0,0
F,Repeat,3,R.I,Unflagged,0,00:00:00,0,00:00:00,0,00:00:00,0,,0,0
F,Repeat,3,R.I,Unflagged,0,00:00:00,0,00:00:00,0,00:00:00,0,,0,0
F,Repeat,3,R.I,Unflagged,0,00:00:00,0,00:00:00,0,00:00:00,0,,0,0
F,Repeat,3,R.I,Unflagged,0,00:00:00,0,00:00:00,0,00:00:00,0,,0,0
F,Repeat,3,R.I,Unflagged,0,00:00:00,0,00:00:00,0,00:00:00,0,,0,0
F,Repeat,3,R.I,Unflagged,0,00:00:00,0,00:00:00,0,00:00:00,0,,0,0
F,Repeat,3,R.I,Unflagged,0,00:00:00,0,00:00:00,0,00:00:00,0,,0,0
F,Repeat,3,R.I,Unflagged,0,00:00:00,0,00:00:00,0,00:00:00,0,,0,0
F,Repeat,3,R.I,Unflagged,0,00:00:00,0,00:00:00,0,00:00:00,0,,0,0
F,New,4,R.I,Green,0,00:00:00,0,00:00:00,0,00:00:00,0,,0,0
F,Update,4,R.I,Green,0,00:00:04.4706000,0,00:00:00,0,00:00:00,0,22,0,0
F,Update,4,R.I,Green,0,00:00:24.1576000,0,00:00:00,0,00:00:00,0,22,0,0
F,Update,4,R.I,Green,1,00:00:44.1736000,1,00:00:00,0,00:00:00,0,22,0,213.825
F,Update,4,R.I,Green,1,00:01:04.1896000,1,00:00:00,0,00:00:00,0,22,0,213.825
F,Update,4,R.I,Green,2,00:01:24.1933000,2,00:00:00,0,00:00:00,0,22,0,216.9239
F,Update,4,R.I,Green,2,00:01:44.2243000,2,00:00:00,0,00:00:00,0,22,0,216.9239
F,Update,4,R.I,Green,3,00:02:04.2243000,3,00:00:00,0,00:00:00,0,22,0,218.0201
F,Update,4,R.I,Green,3,00:02:24.2484000,3,00:00:00,0,00:00:00,0,22,0,218.0201
F,Update,4,R.I,Green,3,00:02:44.2644000,3,00:00:00,0,00:00:00,0,22,0,218.0201
F,Update,4,R.I,Green,4,00:03:04.2794000,4,00:00:00,0,00:00:00,0,22,0,218.5479
F,Update,4,R.I,Green,4,00:03:24.2967000,4,00:00:00,0,00:00:00,0,22,0,218.5479
F,New,5,R.I,Yellow,5,00:03:31.8009000,5,00:00:00.3708000,0,00:00:00,1,22,0,218.8814
F,Update,5,R.I,Yellow,5,00:03:31.8009000,5,00:00:12.5118000,0,00:00:00,1,22,0,218.8814
F,Update,5,R.I,Yellow,5,00:03:31.8009000,5,00:00:32.5268000,0,00:00:00,1,22,0,218.8814
F,Update,5,R.I,Yellow,5,00:03:31.8009000,5,00:00:52.5428000,0,00:00:00,1,22,0,218.8814
F,Update,5,R.I,Yellow,6,00:03:31.8009000,5,00:01:12.5451000,1,00:00:00,1,22,0,201.3423
F,Update,5,R.I,Yellow,6,00:03:31.8009000,5,00:01:32.5611000,1,00:00:00,1,22,0,201.3423
F,Update,5,R.I,Yellow,6,00:03:31.8009000,5,00:01:52.5771000,1,00:00:00,1,22,0,201.3423
F,Update,5,R.I,Yellow,6,00:03:31.8009000,5,00:02:12.6132000,1,00:00:00,1,22,0,201.3423
F,Update,5,R.I,Yellow,7,00:03:31.8009000,5,00:02:32.6132000,2,00:00:00,1,22,0,174.1966
F,Update,5,R.I,Yellow,7,00:03:31.8009000,5,00:02:52.6292000,2,00:00:00,1,22,0,174.1966
F,Update,5,R.I,Yellow,7,00:03:31.8009000,5,00:03:12.6490000,2,00:00:00,1,22,0,174.1966
F,Update,5,R.I,Yellow,7,00:03:31.8009000,5,00:03:32.6650000,2,00:00:00,1,22,0,174.1966
F,Update,5,R.I,Yellow,7,00:03:31.8009000,5,00:03:52.3520000,2,00:00:00,1,22,0,174.1966
F,Update,5,R.I,Yellow,8,00:03:31.8009000,5,00:04:12.3578000,3,00:00:00,1,22,0,156.1974
F,Update,5,R.I,Yellow,8,00:03:31.8009000,5,00:04:32.3738000,3,00:00:00,1,22,0,156.1974
F,Update,5,R.I,Yellow,8,00:03:31.8009000,5,00:04:52.3888000,3,00:00:00,1,22,0,156.1974
F,Update,5,R.I,Yellow,8,00:03:31.8009000,5,00:05:12.4048000,3,00:00:00,1,22,0,156.1974
F,Update,5,R.I,Yellow,8,00:03:31.8009000,5,00:05:32.4473000,3,00:00:00,1,22,0,156.1974
F,Update,5,R.I,Yellow,9,00:03:31.8009000,5,00:05:52.4633000,4,00:00:00,1,22,0,144.0351
F,Update,5,R.I,Yellow,9,00:03:31.8009000,5,00:06:12.4793000,4,00:00:00,1,22,0,144.0351
F,Update,5,R.I,Yellow,9,00:03:31.8009000,5,00:06:32.4734000,4,00:00:00,1,22,0,144.0351
F,Update,5,R.I,Yellow,9,00:03:31.8009000,5,00:06:52.4894000,4,00:00:00,1,22,0,144.0351
F,New,6,R.I,Green,9,00:03:32.2338000,5,00:07:07.8065000,4,00:00:00,1,22,0,144.0351
F,Update,6,R.I,Green,9,00:03:36.4998000,5,00:07:07.8065000,4,00:00:00,1,22,0,144.0351
F,Update,6,R.I,Green,10,00:03:56.5189000,6,00:07:07.8065000,4,00:00:00,1,22,0,138.0945
F,Update,6,R.I,Green,10,00:04:16.5349000,6,00:07:07.8065000,4,00:00:00,1,22,0,138.0945
F,Update,6,R.I,Green,11,00:04:36.5499000,7,00:07:07.8065000,4,00:00:00,1,22,0,142.8247
F,Update,6,R.I,Green,11,00:04:56.5659000,7,00:07:07.8065000,4,00:00:00,1,22,0,142.8247
F,Update,6,R.I,Green,12,00:05:16.5710000,8,00:07:07.8065000,4,00:00:00,1,22,0,147.1354
F,Update,6,R.I,Green,12,00:05:36.5860000,8,00:07:07.8065000,4,00:00:00,1,22,0,147.1354
F,Update,6,R.I,Green,13,00:05:56.6020000,9,00:07:07.8065000,4,00:00:00,1,22,0,150.9881
F,Update,6,R.I,Green,13,00:06:16.6215000,9,00:07:07.8065000,4,00:00:00,1,22,0,150.9881
F,Update,6,R.I,Green,14,00:06:36.6365000,10,00:07:07.8065000,4,00:00:00,1,22,0,154.4377
F,Update,6,R.I,Green,14,00:06:56.6525000,10,00:07:07.8065000,4,00:00:00,1,22,0,154.4377
F,Update,6,R.I,Green,15,00:07:16.3465000,11,00:07:07.8065000,4,00:00:00,1,22,0,157.5616
F,Update,6,R.I,Green,15,00:07:36.3625000,11,00:07:07.8065000,4,00:00:00,1,22,0,157.5616
F,Update,6,R.I,Green,16,00:07:56.3785000,12,00:07:07.8065000,4,00:00:00,1,22,0,160.4051
F,Update,6,R.I,Green,16,00:08:16.3940000,12,00:07:07.8065000,4,00:00:00,1,22,0,160.4051
F,Update,6,R.I,Green,17,00:08:36.4100000,13,00:07:07.8065000,4,00:00:00,1,22,0,162.9842
F,Update,6,R.I,Green,17,00:08:56.4250000,13,00:07:07.8065000,4,00:00:00,1,22,0,162.9842
F,Update,6,R.I,Green,18,00:09:16.4410000,14,00:07:07.8065000,4,00:00:00,1,22,0,165.3317
F,Update,6,R.I,Green,18,00:09:36.4467000,14,00:07:07.8065000,4,00:00:00,1,22,0,165.3317
F,Update,6,R.I,Green,19,00:09:56.4617000,15,00:07:07.8065000,4,00:00:00,1,22,0,167.4882
F,Update,6,R.I,Green,19,00:10:16.4777000,15,00:07:07.8065000,4,00:00:00,1,22,0,167.4882
F,Update,6,R.I,Green,20,00:10:36.4836000,16,00:07:07.8065000,4,00:00:00,1,22,0,169.4775
F,Update,6,R.I,Green,20,00:10:56.4986000,16,00:07:07.8065000,4,00:00:00,1,22,0,169.4775
F,Update,6,R.I,Green,21,00:11:16.5146000,17,00:07:07.8065000,4,00:00:00,1,22,0,171.3206
F,Update,6,R.I,Green,21,00:11:36.5479000,17,00:07:07.8065000,4,00:00:00,1,22,0,171.3206
F,Update,6,R.I,Green,21,00:11:56.5799000,17,00:07:07.8065000,4,00:00:00,1,22,0,171.3206
F,Update,6,R.I,Green,22,00:12:16.5799000,18,00:07:07.8065000,4,00:00:00,1,22,0,173.0312
F,Update,6,R.I,Green,22,00:12:36.5949000,18,00:07:07.8065000,4,00:00:00,1,22,0,173.0312
F,Update,6,R.I,Green,23,00:12:56.6003000,19,00:07:07.8065000,4,00:00:00,1,22,0,174.6226
F,Update,6,R.I,Green,23,00:13:16.6163000,19,00:07:07.8065000,4,00:00:00,1,22,0,174.6226
F,Update,6,R.I,Green,24,00:13:36.6313000,20,00:07:07.8065000,4,00:00:00,1,22,0,176.1094
F,Update,6,R.I,Green,24,00:13:56.6556000,20,00:07:07.8065000,4,00:00:00,1,22,0,176.1094
F,Update,6,R.I,Green,25,00:14:16.3426000,21,00:07:07.8065000,4,00:00:00,1,22,0,177.5006
F,Update,6,R.I,Green,25,00:14:36.3586000,21,00:07:07.8065000,4,00:00:00,1,22,0,177.5006
F,Update,6,R.I,Green,26,00:14:56.3745000,22,00:07:07.8065000,4,00:00:00,1,22,0,178.8093
F,Update,6,R.I,Green,26,00:15:16.3895000,22,00:07:07.8065000,4,00:00:00,1,22,0,178.8093
F,Update,6,R.I,Green,27,00:15:36.4055000,23,00:07:07.8065000,4,00:00:00,1,22,0,180.0366
F,Update,6,R.I,Green,27,00:15:56.4205000,23,00:07:07.8065000,4,00:00:00,1,22,0,180.0366
F,Update,6,R.I,Green,28,00:16:16.4241000,24,00:07:07.8065000,4,00:00:00,1,22,0,181.1924
F,Update,6,R.I,Green,28,00:16:36.4401000,24,00:07:07.8065000,4,00:00:00,1,22,0,181.1924
F,Update,6,R.I,Green,29,00:16:56.4551000,25,00:07:07.8065000,4,00:00:00,1,22,0,182.2824
F,Update,6,R.I,Green,29,00:17:16.4757000,25,00:07:07.8065000,4,00:00:00,1,22,0,182.2824
F,Update,6,R.I,Green,30,00:17:36.4917000,26,00:07:07.8065000,4,00:00:00,1,22,0,183.3129
F,Update,6,R.I,Green,30,00:17:56.5067000,26,00:07:07.8065000,4,00:00:00,1,22,0,183.3129
F,Update,6,R.I,Green,31,00:18:16.5119000,27,00:07:07.8065000,4,00:00:00,1,22,0,184.3062
F,Update,6,R.I,Green,31,00:18:36.5269000,27,00:07:07.8065000,4,00:00:00,1,22,0,184.3062
F,Update,6,R.I,Green,32,00:18:56.5429000,28,00:07:07.8065000,4,00:00:00,1,12,1,185.0772
F,Update,6,R.I,Green,32,00:19:16.5739000,28,00:07:07.8065000,4,00:00:00,1,12,1,185.0772
F,Update,6,R.I,Green,33,00:19:36.5926000,29,00:07:07.8065000,4,00:00:00,1,12,1,185.959
F,Update,6,R.I,Green,33,00:19:56.6086000,29,00:07:07.8065000,4,00:00:00,1,12,1,185.959
F,Update,6,R.I,Green,34,00:20:16.6246000,30,00:07:07.8065000,4,00:00:00,1,12,1,186.8146
F,Update,6,R.I,Green,34,00:20:36.6156000,30,00:07:07.8065000,4,00:00:00,1,12,1,186.8146
F,Update,6,R.I,Green,35,00:20:56.6316000,31,00:07:07.8065000,4,00:00:00,1,20,2,187.5901
F,Update,6,R.I,Green,35,00:21:16.6466000,31,00:07:07.8065000,4,00:00:00,1,20,2,187.5901
F,Update,6,R.I,Green,35,00:21:36.6642000,31,00:07:07.8065000,4,00:00:00,1,20,2,187.5901
F,Update,6,R.I,Green,36,00:21:56.3522000,32,00:07:07.8065000,4,00:00:00,1,30,3,187.5795
F,Update,6,R.I,Green,36,00:22:16.3672000,32,00:07:07.8065000,4,00:00:00,1,30,3,187.5795
F,Update,6,R.I,Green,37,00:22:36.3901000,33,00:07:07.8065000,4,00:00:00,1,30,3,187.0071
F,Update,6,R.I,Green,37,00:22:56.4051000,33,00:07:07.8065000,4,00:00:00,1,30,3,187.0071
F,Update,6,R.I,Green,37,00:23:16.4211000,33,00:07:07.8065000,4,00:00:00,1,30,3,187.0071
F,Update,6,R.I,Green,38,00:23:36.4371000,34,00:07:07.8065000,4,00:00:00,1,10,4,187.3254
F,Update,6,R.I,Green,38,00:23:56.4379000,34,00:07:07.8065000,4,00:00:00,1,10,4,187.3254
F,Update,6,R.I,Green,39,00:24:16.4539000,35,00:07:07.8065000,4,00:00:00,1,10,4,188.0616
F,Update,6,R.I,Green,39,00:24:36.4699000,35,00:07:07.8065000,4,00:00:00,1,10,4,188.0616
F,Update,6,R.I,Green,40,00:24:56.5058000,36,00:07:07.8065000,4,00:00:00,1,10,4,188.7655
F,Update,6,R.I,Green,40,00:25:16.5218000,36,00:07:07.8065000,4,00:00:00,1,10,4,188.7655
F,Update,6,R.I,Green,41,00:25:36.5368000,37,00:07:07.8065000,4,00:00:00,1,10,4,189.4484
F,Update,6,R.I,Green,41,00:25:56.5411000,37,00:07:07.8065000,4,00:00:00,1,10,4,189.4484
F,Update,6,R.I,Green,42,00:26:16.5571000,38,00:07:07.8065000,4,00:00:00,1,22,5,189.1383
F,Update,6,R.I,Green,42,00:26:36.5721000,38,00:07:07.8065000,4,00:00:00,1,22,5,189.1383
F,Update,6,R.I,Green,43,00:26:56.5881000,39,00:07:07.8065000,4,00:00:00,1,22,5,189.7761
F,Update,6,R.I,Green,43,00:27:16.6090000,39,00:07:07.8065000,4,00:00:00,1,22,5,189.7761
F,Update,6,R.I,Green,44,00:27:36.6240000,40,00:07:07.8065000,4,00:00:00,1,22,5,190.3948
F,Update,6,R.I,Green,44,00:27:56.6400000,40,00:07:07.8065000,4,00:00:00,1,22,5,190.3948
F,Update,6,R.I,Green,45,00:28:16.6430000,41,00:07:07.8065000,4,00:00:00,1,22,5,190.9745
F,Update,6,R.I,Green,45,00:28:36.6590000,41,00:07:07.8065000,4,00:00:00,1,22,5,190.9745
F,Update,6,R.I,Green,46,00:28:56.3470000,42,00:07:07.8065000,4,00:00:00,1,22,5,191.5078
F,Update,6,R.I,Green,46,00:29:16.3667000,42,00:07:07.8065000,4,00:00:00,1,22,5,191.5078
F,Update,6,R.I,Green,47,00:29:36.3827000,43,00:07:07.8065000,4,00:00:00,1,22,5,192.02
F,Update,6,R.I,Green,47,00:29:56.3977000,43,00:07:07.8065000,4,00:00:00,1,22,5,192.02
F,Update,6,R.I,Green,47,00:30:16.4176000,43,00:07:07.8065000,4,00:00:00,1,22,5,192.02
F,Update,6,R.I,Green,48,00:30:36.4336000,44,00:07:07.8065000,4,00:00:00,1,22,5,192.5092
F,Update,6,R.I,Green,48,00:30:56.4486000,44,00:07:07.8065000,4,00:00:00,1,22,5,192.5092
F,Update,6,R.I,Green,49,00:31:16.4646000,45,00:07:07.8065000,4,00:00:00,1,22,5,192.9786
F,Update,6,R.I,Green,49,00:31:36.4742000,45,00:07:07.8065000,4,00:00:00,1,22,5,192.9786
F,Update,6,R.I,Green,50,00:31:56.4892000,46,00:07:07.8065000,4,00:00:00,1,22,5,193.4294
F,Update,6,R.I,Green,50,00:32:16.5052000,46,00:07:07.8065000,4,00:00:00,1,22,5,193.4294
F,Update,6,R.I,Green,51,00:32:36.5355000,47,00:07:07.8065000,4,00:00:00,1,22,5,193.8647
F,Update,6,R.I,Green,51,00:32:56.5515000,47,00:07:07.8065000,4,00:00:00,1,22,5,193.8647
F,Update,6,R.I,Green,52,00:33:16.5675000,48,00:07:07.8065000,4,00:00:00,1,22,5,194.2845
F,Update,6,R.I,Green,52,00:33:36.5704000,48,00:07:07.8065000,4,00:00:00,1,22,5,194.2845
F,Update,6,R.I,Green,53,00:33:56.5864000,49,00:07:07.8065000,4,00:00:00,1,22,5,194.6952
F,Update,6,R.I,Green,53,00:34:16.6024000,49,00:07:07.8065000,4,00:00:00,1,22,5,194.6952
F,Update,6,R.I,Green,54,00:34:36.6174000,50,00:07:07.8065000,4,00:00:00,1,22,5,195.0908
F,Update,6,R.I,Green,54,00:34:56.6409000,50,00:07:07.8065000,4,00:00:00,1,22,5,195.0908
F,Update,6,R.I,Green,55,00:35:16.6559000,51,00:07:07.8065000,4,00:00:00,1,22,5,195.4714
F,Update,6,R.I,Green,55,00:35:36.3439000,51,00:07:07.8065000,4,00:00:00,1,22,5,195.4714
F,Update,6,R.I,Green,56,00:35:56.3466000,52,00:07:07.8065000,4,00:00:00,1,22,5,195.8413
F,Update,6,R.I,Green,56,00:36:16.3616000,52,00:07:07.8065000,4,00:00:00,1,22,5,195.8413
F,Update,6,R.I,Green,57,00:36:36.3776000,53,00:07:07.8065000,4,00:00:00,1,22,5,196.202
F,Update,6,R.I,Green,57,00:36:56.3969000,53,00:07:07.8065000,4,00:00:00,1,22,5,196.202
F,Update,6,R.I,Green,58,00:37:16.4129000,54,00:07:07.8065000,4,00:00:00,1,22,5,196.552
F,Update,6,R.I,Green,58,00:37:36.4289000,54,00:07:07.8065000,4,00:00:00,1,22,5,196.552
F,Update,6,R.I,Green,59,00:37:56.4439000,55,00:07:07.8065000,4,00:00:00,1,22,5,196.8931
F,Update,6,R.I,Green,59,00:38:16.4627000,55,00:07:07.8065000,4,00:00:00,1,22,5,196.8931
F,Update,6,R.I,Green,60,00:38:36.4787000,56,00:07:07.8065000,4,00:00:00,1,22,5,197.2269
F,Update,6,R.I,Green,60,00:38:56.4937000,56,00:07:07.8065000,4,00:00:00,1,22,5,197.2269
F,Update,6,R.I,Green,61,00:39:16.4986000,57,00:07:07.8065000,4,00:00:00,1,22,5,197.5655
F,Update,6,R.I,Green,61,00:39:36.5136000,57,00:07:07.8065000,4,00:00:00,1,22,5,197.5655
F,Update,6,R.I,Green,62,00:39:56.5296000,58,00:07:07.8065000,4,00:00:00,1,22,5,197.9177
F,Update,6,R.I,Green,62,00:40:16.5382000,58,00:07:07.8065000,4,00:00:00,1,22,5,197.9177
F,Update,6,R.I,Green,63,00:40:36.5532000,59,00:07:07.8065000,4,00:00:00,1,22,5,198.2802
F,Update,6,R.I,Green,63,00:40:56.5692000,59,00:07:07.8065000,4,00:00:00,1,22,5,198.2802
F,Update,6,R.I,Green,64,00:41:16.6019000,60,00:07:07.8065000,4,00:00:00,1,20,6,198.3699
F,Update,6,R.I,Green,64,00:41:36.6169000,60,00:07:07.8065000,4,00:00:00,1,20,6,198.3699
F,Update,6,R.I,Green,64,00:41:56.6329000,60,00:07:07.8065000,4,00:00:00,1,20,6,198.3699
F,Update,6,R.I,Green,65,00:42:16.6479000,61,00:07:07.8065000,4,00:00:00,1,20,6,198.6808
F,Update,6,R.I,Green,65,00:42:36.6673000,61,00:07:07.8065000,4,00:00:00,1,20,6,198.6808
F,Update,6,R.I,Green,66,00:42:56.3553000,62,00:07:07.8065000,4,00:00:00,1,20,6,198.9605
F,Update,6,R.I,Green,66,00:43:16.3863000,62,00:07:07.8065000,4,00:00:00,1,20,6,198.9605
F,Update,6,R.I,Green,67,00:43:36.3763000,63,00:07:07.8065000,4,00:00:00,1,12,7,199.1225
F,Update,6,R.I,Green,67,00:43:56.3913000,63,00:07:07.8065000,4,00:00:00,1,12,7,199.1225
F,Update,6,R.I,Green,68,00:44:16.4073000,64,00:07:07.8065000,4,00:00:00,1,27,8,199.355
F,Update,6,R.I,Green,68,00:44:36.4267000,64,00:07:07.8065000,4,00:00:00,1,27,8,199.355
F,Update,6,R.I,Green,69,00:44:56.4417000,65,00:07:07.8065000,4,00:00:00,1,27,8,198.8841
F,Update,6,R.I,Green,69,00:45:16.4577000,65,00:07:07.8065000,4,00:00:00,1,27,8,198.8841
F,Update,6,R.I,Green,69,00:45:36.4737000,65,00:07:07.8065000,4,00:00:00,1,27,8,198.8841
F,Update,6,R.I,Green,70,00:45:56.4769000,66,00:07:07.8065000,4,00:00:00,1,9,9,199.0937
F,Update,6,R.I,Green,70,00:46:16.4929000,66,00:07:07.8065000,4,00:00:00,1,9,9,199.0937
F,Update,6,R.I,Green,71,00:46:36.5079000,67,00:07:07.8065000,4,00:00:00,1,9,9,199.3416
F,Update,6,R.I,Green,71,00:46:56.5316000,67,00:07:07.8065000,4,00:00:00,1,9,9,199.3416
F,Update,6,R.I,Green,72,00:47:16.5476000,68,00:07:07.8065000,4,00:00:00,1,9,9,198.9039
F,Update,6,R.I,Green,72,00:47:36.5626000,68,00:07:07.8065000,4,00:00:00,1,9,9,198.9039
F,New,7,R.I,Yellow,72,00:47:55.6842000,68,00:07:08.0292000,4,00:00:00,2,9,9,198.9039
F,Update,7,R.I,Yellow,73,00:47:55.6842000,68,00:07:08.6852000,5,00:00:00,2,22,10,198.8532
F,Update,7,R.I,Yellow,73,00:47:55.6842000,68,00:07:28.7012000,5,00:00:00,2,22,10,198.8532
F,Update,7,R.I,Yellow,73,00:47:55.6842000,68,00:07:48.7162000,5,00:00:00,2,22,10,198.8532
F,Update,7,R.I,Yellow,73,00:47:55.6842000,68,00:08:08.7370000,5,00:00:00,2,22,10,198.8532
F,Update,7,R.I,Yellow,73,00:47:55.6842000,68,00:08:28.7520000,5,00:00:00,2,22,10,198.8532
F,Update,7,R.I,Yellow,74,00:47:55.6842000,68,00:08:48.7680000,6,00:00:00,2,22,10,196.6529
F,Update,7,R.I,Yellow,74,00:47:55.6842000,68,00:09:08.7840000,6,00:00:00,2,22,10,196.6529
F,Update,7,R.I,Yellow,74,00:47:55.6842000,68,00:09:28.4740000,6,00:00:00,2,22,10,196.6529
F,Update,7,R.I,Yellow,74,00:47:55.6842000,68,00:09:48.4900000,6,00:00:00,2,22,10,196.6529
F,Update,7,R.I,Yellow,74,00:47:55.6842000,68,00:10:08.5050000,6,00:00:00,2,22,10,196.6529
F,Update,7,R.I,Yellow,75,00:47:55.6842000,68,00:10:28.5270000,7,00:00:00,2,22,10,193.2655
F,Update,7,R.I,Yellow,75,00:47:55.6842000,68,00:10:48.5430000,7,00:00:00,2,22,10,193.2655
F,Update,7,R.I,Yellow,75,00:47:55.6842000,68,00:11:08.5580000,7,00:00:00,2,22,10,193.2655
F,Update,7,R.I,Yellow,75,00:47:55.6842000,68,00:11:28.5811000,7,00:00:00,2,22,10,193.2655
F,Update,7,R.I,Yellow,75,00:47:55.6842000,68,00:11:48.5971000,7,00:00:00,2,22,10,193.2655
F,Update,7,R.I,Yellow,76,00:47:55.6842000,68,00:12:08.6121000,8,00:00:00,2,22,10,190.247
F,Update,7,R.I,Yellow,76,00:47:55.6842000,68,00:12:28.6281000,8,00:00:00,2,22,10,190.247
F,Update,7,R.I,Yellow,76,00:47:55.6842000,68,00:12:48.6285000,8,00:00:00,2,22,10,190.247
F,Update,7,R.I,Yellow,76,00:47:55.6842000,68,00:13:08.6445000,8,00:00:00,2,22,10,190.247
F,Update,7,R.I,Yellow,76,00:47:55.6842000,68,00:13:28.6605000,8,00:00:00,2,22,10,190.247
F,Update,7,R.I,Yellow,77,00:47:55.6842000,68,00:13:48.6644000,9,00:00:00,2,22,10,187.3535
F,Update,7,R.I,Yellow,77,00:47:55.6842000,68,00:14:08.6804000,9,00:00:00,2,22,10,187.3535
F,Update,7,R.I,Yellow,77,00:47:55.6842000,68,00:14:28.6964000,9,00:00:00,2,22,10,187.3535
F,Update,7,R.I,Yellow,77,00:47:55.6842000,68,00:14:48.7165000,9,00:00:00,2,22,10,187.3535
F,Update,7,R.I,Yellow,77,00:47:55.6842000,68,00:15:08.7325000,9,00:00:00,2,22,10,187.3535
F,Update,7,R.I,Yellow,78,00:47:55.6842000,68,00:15:28.7475000,10,00:00:00,2,22,10,184.5841
F,Update,7,R.I,Yellow,78,00:47:55.6842000,68,00:15:48.7635000,10,00:00:00,2,22,10,184.5841
F,Update,7,R.I,Yellow,78,00:47:55.6842000,68,00:16:08.7825000,10,00:00:00,2,22,10,184.5841
F,Update,7,R.I,Yellow,78,00:47:55.6842000,68,00:16:28.4695000,10,00:00:00,2,22,10,184.5841
F,New,8,R.I,Green,78,00:47:55.8606000,68,00:16:47.9811000,10,00:00:00,2,22,10,184.5841
F,Update,8,R.I,Green,78,00:47:56.1886000,68,00:16:47.9811000,10,00:00:00,2,22,10,184.5841
F,Update,8,R.I,Green,79,00:48:16.2211000,69,00:16:47.9811000,10,00:00:00,2,22,10,182.477
F,Update,8,R.I,Green,79,00:48:36.2371000,69,00:16:47.9811000,10,00:00:00,2,22,10,182.477
F,Update,8,R.I,Green,80,00:48:56.2531000,70,00:16:47.9811000,10,00:00:00,2,22,10,182.827
F,Update,8,R.I,Green,80,00:49:16.2612000,70,00:16:47.9811000,10,00:00:00,2,22,10,182.827
F,Update,8,R.I,Green,81,00:49:36.2772000,71,00:16:47.9811000,10,00:00:00,2,22,10,183.2092
F,Update,8,R.I,Green,81,00:49:56.2932000,71,00:16:47.9811000,10,00:00:00,2,22,10,183.2092
F,Update,8,R.I,Green,82,00:50:16.2944000,72,00:16:47.9811000,10,00:00:00,2,22,10,183.5851
F,Update,8,R.I,Green,82,00:50:36.3104000,72,00:16:47.9811000,10,00:00:00,2,22,10,183.5851
F,Update,8,R.I,Green,83,00:50:56.3254000,73,00:16:47.9811000,10,00:00:00,2,22,10,183.9488
F,Update,8,R.I,Green,83,00:51:16.3414000,73,00:16:47.9811000,10,00:00:00,2,22,10,183.9488
F,Update,8,R.I,Green,84,00:51:36.3620000,74,00:16:47.9811000,10,00:00:00,2,22,10,184.3002
F,Update,8,R.I,Green,84,00:51:56.3770000,74,00:16:47.9811000,10,00:00:00,2,22,10,184.3002
F,Update,8,R.I,Green,85,00:52:16.3930000,75,00:16:47.9811000,10,00:00:00,2,22,10,184.6409
F,Update,8,R.I,Green,85,00:52:36.4133000,75,00:16:47.9811000,10,00:00:00,2,22,10,184.6409
F,Update,8,R.I,Green,85,00:52:56.4283000,75,00:16:47.9811000,10,00:00:00,2,22,10,184.6409
F,Update,8,R.I,Green,86,00:53:16.4443000,76,00:16:47.9811000,10,00:00:00,2,22,10,184.977
F,Update,8,R.I,Green,86,00:53:36.4484000,76,00:16:47.9811000,10,00:00:00,2,22,10,184.977
F,Update,8,R.I,Green,87,00:53:56.4644000,77,00:16:47.9811000,10,00:00:00,2,22,10,185.2984
F,Update,8,R.I,Green,87,00:54:16.4804000,77,00:16:47.9811000,10,00:00:00,2,22,10,185.2984
F,Update,8,R.I,Green,88,00:54:36.1674000,78,00:16:47.9811000,10,00:00:00,2,22,10,185.6195
F,Update,8,R.I,Green,88,00:54:56.1904000,78,00:16:47.9811000,10,00:00:00,2,22,10,185.6195
F,Update,8,R.I,Green,89,00:55:16.2054000,79,00:16:47.9811000,10,00:00:00,2,22,10,185.938
F,Update,8,R.I,Green,89,00:55:36.2214000,79,00:16:47.9811000,10,00:00:00,2,22,10,185.938
F,Update,8,R.I,Green,90,00:55:56.2214000,80,00:16:47.9811000,10,00:00:00,2,22,10,186.2462
F,Update,8,R.I,Green,90,00:56:16.2364000,80,00:16:47.9811000,10,00:00:00,2,22,10,186.2462
F,Update,8,R.I,Green,91,00:56:36.2524000,81,00:16:47.9811000,10,00:00:00,2,22,10,186.5524
F,Update,8,R.I,Green,91,00:56:56.2771000,81,00:16:47.9811000,10,00:00:00,2,22,10,186.5524
F,Update,8,R.I,Green,92,00:57:16.2921000,82,00:16:47.9811000,10,00:00:00,2,22,10,186.8423
F,Update,8,R.I,Green,92,00:57:36.3081000,82,00:16:47.9811000,10,00:00:00,2,22,10,186.8423
F,Update,8,R.I,Green,93,00:57:56.3306000,83,00:16:47.9811000,10,00:00:00,2,22,10,187.1323
F,Update,8,R.I,Green,93,00:58:16.3466000,83,00:16:47.9811000,10,00:00:00,2,22,10,187.1323
F,Update,8,R.I,Green,94,00:58:36.3626000,84,00:16:47.9811000,10,00:00:00,2,22,10,187.4198
F,Update,8,R.I,Green,94,00:58:56.3776000,84,00:16:47.9811000,10,00:00:00,2,22,10,187.4198
F,Update,8,R.I,Green,95,00:59:16.3907000,85,00:16:47.9811000,10,00:00:00,2,22,10,187.7007
F,Update,8,R.I,Green,95,00:59:36.4067000,85,00:16:47.9811000,10,00:00:00,2,22,10,187.7007
F,Update,8,R.I,Green,96,00:59:56.4217000,86,00:16:47.9811000,10,00:00:00,2,22,10,187.9788
F,Update,8,R.I,Green,96,01:00:16.4291000,86,00:16:47.9811000,10,00:00:00,2,22,10,187.9788
F,Update,8,R.I,Green,97,01:00:36.4441000,87,00:16:47.9811000,10,00:00:00,2,22,10,188.2522
F,Update,8,R.I,Green,97,01:00:56.4601000,87,00:16:47.9811000,10,00:00:00,2,22,10,188.2522
F,Update,8,R.I,Green,98,01:01:16.4859000,88,00:16:47.9811000,10,00:00:00,2,22,10,188.5261
F,Update,8,R.I,Green,98,01:01:36.1729000,88,00:16:47.9811000,10,00:00:00,2,22,10,188.5261
F,Update,8,R.I,Green,99,01:01:56.1889000,89,00:16:47.9811000,10,00:00:00,2,20,11,188.7833
F,Update,8,R.I,Green,99,01:02:16.2009000,89,00:16:47.9811000,10,00:00:00,2,20,11,188.7833
F,Update,8,R.I,Green,100,01:02:36.2169000,90,00:16:47.9811000,10,00:00:00,2,20,11,189.0562
F,Update,8,R.I,Green,100,01:02:56.2329000,90,00:16:47.9811000,10,00:00:00,2,20,11,189.0562
F,Update,8,R.I,Green,101,01:03:16.2479000,91,00:16:47.9811000,10,00:00:00,2,2,12,189.2678
F,Update,8,R.I,Green,101,01:03:36.2556000,91,00:16:47.9811000,10,00:00:00,2,2,12,189.2678
F,Update,8,R.I,Green,102,01:03:56.2716000,92,00:16:47.9811000,10,00:00:00,2,27,13,189.519
F,Update,8,R.I,Green,102,01:04:16.2866000,92,00:16:47.9811000,10,00:00:00,2,27,13,189.519
F,Update,8,R.I,Green,102,01:04:36.3021000,92,00:16:47.9811000,10,00:00:00,2,27,13,189.519
F,Update,8,R.I,Green,103,01:04:56.3171000,93,00:16:47.9811000,10,00:00:00,2,27,13,189.7957
F,Update,8,R.I,Green,103,01:05:16.3331000,93,00:16:47.9811000,10,00:00:00,2,27,13,189.7957
F,Update,8,R.I,Green,104,01:05:36.3395000,94,00:16:47.9811000,10,00:00:00,2,27,13,190.0759
F,Update,8,R.I,Green,104,01:05:56.3545000,94,00:16:47.9811000,10,00:00:00,2,27,13,190.0759
F,Update,8,R.I,Green,105,01:06:16.3705000,95,00:16:47.9811000,10,00:00:00,2,27,13,190.3481
F,Update,8,R.I,Green,105,01:06:36.3865000,95,00:16:47.9811000,10,00:00:00,2,27,13,190.3481
F,Update,8,R.I,Green,106,01:06:56.4261000,96,00:16:47.9811000,10,00:00:00,2,9,14,190.2718
F,Update,8,R.I,Green,106,01:07:16.4421000,96,00:16:47.9811000,10,00:00:00,2,9,14,190.2718
F,Update,8,R.I,Green,107,01:07:36.4571000,97,00:16:47.9811000,10,00:00:00,2,9,14,190.4888
F,Update,8,R.I,Green,107,01:07:56.4570000,97,00:16:47.9811000,10,00:00:00,2,9,14,190.4888
F,Update,8,R.I,Green,108,01:08:16.4730000,98,00:16:47.9811000,10,00:00:00,2,9,14,190.7547
F,Update,8,R.I,Green,108,01:08:36.4880000,98,00:16:47.9811000,10,00:00:00,2,9,14,190.7547
F,Update,8,R.I,Green,109,01:08:56.4911000,99,00:16:47.9811000,10,00:00:00,2,9,14,191.0164
F,Update,8,R.I,Green,109,01:09:16.1781000,99,00:16:47.9811000,10,00:00:00,2,9,14,191.0164
F,Update,8,R.I,Green,110,01:09:36.1941000,100,00:16:47.9811000,10,00:00:00,2,9,14,191.2686
F,Update,8,R.I,Green,110,01:09:56.2101000,100,00:16:47.9811000,10,00:00:00,2,9,14,191.2686
F,Update,8,R.I,Green,111,01:10:16.2473000,101,00:16:47.9811000,10,00:00:00,2,10,15,191.3787
F,Update,8,R.I,Green,111,01:10:36.2473000,101,00:16:47.9811000,10,00:00:00,2,10,15,191.3787
F,Update,8,R.I,Green,111,01:10:56.2633000,101,00:16:47.9811000,10,00:00:00,2,10,15,191.3787
F,Update,8,R.I,Green,111,01:11:16.2822000,101,00:16:47.9811000,10,00:00:00,2,10,15,191.3787
F,Update,8,R.I,Green,112,01:11:36.2982000,102,00:16:47.9811000,10,00:00:00,2,10,15,190.7562
F,Update,8,R.I,Green,112,01:11:56.3132000,102,00:16:47.9811000,10,00:00:00,2,10,15,190.7562
F,Update,8,R.I,Green,113,01:12:16.3160000,103,00:16:47.9811000,10,00:00:00,2,22,16,190.7913
F,Update,8,R.I,Green,113,01:12:36.3320000,103,00:16:47.9811000,10,00:00:00,2,22,16,190.7913
F,Update,8,R.I,Green,114,01:12:56.3470000,104,00:16:47.9811000,10,00:00:00,2,22,16,191.0179
F,Update,8,R.I,Green,114,01:13:16.3713000,104,00:16:47.9811000,10,00:00:00,2,22,16,191.0179
F,Update,8,R.I,Green,115,01:13:36.3873000,105,00:16:47.9811000,10,00:00:00,2,22,16,191.2421
F,Update,8,R.I,Green,115,01:13:56.4023000,105,00:16:47.9811000,10,00:00:00,2,22,16,191.2421
F,Update,8,R.I,Green,116,01:14:16.4183000,106,00:16:47.9811000,10,00:00:00,2,22,16,191.4649
F,Update,8,R.I,Green,116,01:14:36.4352000,106,00:16:47.9811000,10,00:00:00,2,22,16,191.4649
F,Update,8,R.I,Green,117,01:14:56.4512000,107,00:16:47.9811000,10,00:00:00,2,22,16,191.6857
F,Update,8,R.I,Green,117,01:15:16.4672000,107,00:16:47.9811000,10,00:00:00,2,22,16,191.6857
F,Update,8,R.I,Green,118,01:15:36.4699000,108,00:16:47.9811000,10,00:00:00,2,22,16,191.9052
F,Update,8,R.I,Green,118,01:15:56.4859000,108,00:16:47.9811000,10,00:00:00,2,22,16,191.9052
F,Update,8,R.I,Green,119,01:16:16.1729000,109,00:16:47.9811000,10,00:00:00,2,22,16,192.1248
F,Update,8,R.I,Green,119,01:16:36.1927000,109,00:16:47.9811000,10,00:00:00,2,22,16,192.1248
F,Update,8,R.I,Green,120,01:16:56.2087000,110,00:16:47.9811000,10,00:00:00,2,22,16,192.34
F,Update,8,R.I,Green,120,01:17:16.2237000,110,00:16:47.9811000,10,00:00:00,2,22,16,192.34
F,Update,8,R.I,Green,121,01:17:36.2397000,111,00:16:47.9811000,10,00:00:00,2,22,16,192.5466
F,Update,8,R.I,Green,121,01:17:56.2630000,111,00:16:47.9811000,10,00:00:00,2,22,16,192.5466
F,Update,8,R.I,Green,122,01:18:16.2780000,112,00:16:47.9811000,10,00:00:00,2,22,16,192.749
F,Update,8,R.I,Green,122,01:18:36.2940000,112,00:16:47.9811000,10,00:00:00,2,22,16,192.749
F,Update,8,R.I,Green,123,01:18:56.3114000,113,00:16:47.9811000,10,00:00:00,2,22,16,192.9475
F,Update,8,R.I,Green,123,01:19:16.3274000,113,00:16:47.9811000,10,00:00:00,2,22,16,192.9475
F,Update,8,R.I,Green,124,01:19:36.3434000,114,00:16:47.9811000,10,00:00:00,2,22,16,193.1467
F,Update,8,R.I,Green,124,01:19:56.3472000,114,00:16:47.9811000,10,00:00:00,2,22,16,193.1467
F,Update,8,R.I,Green,125,01:20:16.3632000,115,00:16:47.9811000,10,00:00:00,2,22,16,193.3437
F,Update,8,R.I,Green,125,01:20:36.3792000,115,00:16:47.9811000,10,00:00:00,2,22,16,193.3437
F,Update,8,R.I,Green,126,01:20:56.3942000,116,00:16:47.9811000,10,00:00:00,2,22,16,193.541
F,Update,8,R.I,Green,126,01:21:16.4280000,116,00:16:47.9811000,10,00:00:00,2,22,16,193.541
F,Update,8,R.I,Green,127,01:21:36.4440000,117,00:16:47.9811000,10,00:00:00,2,22,16,193.7411
F,Update,8,R.I,Green,127,01:21:56.4600000,117,00:16:47.9811000,10,00:00:00,2,22,16,193.7411
F,Update,8,R.I,Green,128,01:22:16.4687000,118,00:16:47.9811000,10,00:00:00,2,22,16,193.9453
F,Update,8,R.I,Green,128,01:22:36.4847000,118,00:16:47.9811000,10,00:00:00,2,22,16,193.9453
F,Update,8,R.I,Green,129,01:22:56.1717000,119,00:16:47.9811000,10,00:00:00,2,27,17,194.117
F,Update,8,R.I,Green,129,01:23:16.2044000,119,00:16:47.9811000,10,00:00:00,2,27,17,194.117
F,Update,8,R.I,Green,130,01:23:36.2204000,120,00:16:47.9811000,10,00:00:00,2,27,17,194.3135
F,Update,8,R.I,Green,130,01:23:56.2354000,120,00:16:47.9811000,10,00:00:00,2,27,17,194.3135
F,Update,8,R.I,Green,131,01:24:16.2383000,121,00:16:47.9811000,10,00:00:00,2,27,17,194.5105
F,Update,8,R.I,Green,131,01:24:36.2543000,121,00:16:47.9811000,10,00:00:00,2,27,17,194.5105
F,Update,8,R.I,Green,132,01:24:56.2693000,122,00:16:47.9811000,10,00:00:00,2,27,17,194.6856
F,Update,8,R.I,Green,132,01:25:16.2853000,122,00:16:47.9811000,10,00:00:00,2,27,17,194.6856
F,Update,8,R.I,Green,133,01:25:36.2886000,123,00:16:47.9811000,10,00:00:00,2,27,17,194.8706
F,Update,8,R.I,Green,133,01:25:56.3046000,123,00:16:47.9811000,10,00:00:00,2,27,17,194.8706
F,Update,8,R.I,Green,134,01:26:16.3206000,124,00:16:47.9811000,10,00:00:00,2,27,17,195.0443
F,Update,8,R.I,Green,134,01:26:36.3406000,124,00:16:47.9811000,10,00:00:00,2,27,17,195.0443
F,Update,8,R.I,Green,135,01:26:56.3566000,125,00:16:47.9811000,10,00:00:00,2,27,17,195.2101
F,Update,8,R.I,Green,135,01:27:16.3726000,125,00:16:47.9811000,10,00:00:00,2,27,17,195.2101
F,Update,8,R.I,Green,135,01:27:36.3925000,125,00:16:47.9811000,10,00:00:00,2,27,17,195.2101
F,Update,8,R.I,Green,136,01:27:56.4085000,126,00:16:47.9811000,10,00:00:00,2,27,17,195.3605
F,Update,8,R.I,Green,136,01:28:16.4235000,126,00:16:47.9811000,10,00:00:00,2,27,17,195.3605
F,Update,8,R.I,Green,137,01:28:36.4395000,127,00:16:47.9811000,10,00:00:00,2,27,17,195.1534
F,New,9,R.I,Yellow,137,01:28:52.9307000,127,00:16:48.2377000,10,00:00:00,3,27,17,195.1534
F,Update,9,R.I,Yellow,137,01:28:52.9307000,127,00:16:51.5197000,10,00:00:00,3,27,17,195.1534
F,Update,9,R.I,Yellow,137,01:28:52.9307000,127,00:17:11.5347000,10,00:00:00,3,27,17,195.1534
F,Update,9,R.I,Yellow,138,01:28:52.9307000,127,00:17:31.2227000,11,00:00:00,3,9,18,195.133
F,Update,9,R.I,Yellow,138,01:28:52.9307000,127,00:17:51.2429000,11,00:00:00,3,9,18,195.133
F,Update,9,R.I,Yellow,139,01:28:52.9307000,127,00:18:11.2589000,12,00:00:00,3,9,18,194.759
F,Update,9,R.I,Yellow,139,01:28:52.9307000,127,00:18:31.2749000,12,00:00:00,3,9,18,194.759
F,Update,9,R.I,Yellow,139,01:28:52.9307000,127,00:18:51.2678000,12,00:00:00,3,9,18,194.759
F,Update,9,R.I,Yellow,139,01:28:52.9307000,127,00:19:11.2838000,12,00:00:00,3,9,18,194.759
F,Update,9,R.I,Yellow,140,01:28:52.9307000,127,00:19:31.2998000,13,00:00:00,3,9,18,193.9497
F,Update,9,R.I,Yellow,140,01:28:52.9307000,127,00:19:51.3148000,13,00:00:00,3,9,18,193.9497
F,Update,9,R.I,Yellow,140,01:28:52.9307000,127,00:20:11.3514000,13,00:00:00,3,9,18,193.9497
F,Update,9,R.I,Yellow,140,01:28:52.9307000,127,00:20:31.3664000,13,00:00:00,3,9,18,193.9497
F,Update,9,R.I,Yellow,141,01:28:52.9307000,127,00:20:51.3824000,14,00:00:00,3,9,18,192.7597
F,Update,9,R.I,Yellow,141,01:28:52.9307000,127,00:21:11.3851000,14,00:00:00,3,9,18,192.7597
F,Update,9,R.I,Yellow,141,01:28:52.9307000,127,00:21:31.4001000,14,00:00:00,3,9,18,192.7597
F,Update,9,R.I,Yellow,141,01:28:52.9307000,127,00:21:51.4161000,14,00:00:00,3,9,18,192.7597
F,Update,9,R.I,Yellow,141,01:28:52.9307000,127,00:22:11.4257000,14,00:00:00,3,9,18,192.7597
F,Update,9,R.I,Yellow,141,01:28:52.9307000,127,00:22:31.4407000,14,00:00:00,3,9,18,192.7597
F,Update,9,R.I,Yellow,142,01:28:52.9307000,127,00:22:51.4567000,15,00:00:00,3,9,18,191.0581
F,Update,9,R.I,Yellow,142,01:28:52.9307000,127,00:23:11.4564000,15,00:00:00,3,9,18,191.0581
F,Update,9,R.I,Yellow,142,01:28:52.9307000,127,00:23:31.4724000,15,00:00:00,3,9,18,191.0581
F,Update,9,R.I,Yellow,142,01:28:52.9307000,127,00:23:51.4884000,15,00:00:00,3,9,18,191.0581
F,Update,9,R.I,Yellow,142,01:28:52.9307000,127,00:24:11.5034000,15,00:00:00,3,9,18,191.0581
F,Update,9,R.I,Yellow,143,01:28:52.9307000,127,00:24:31.5229000,16,00:00:00,3,22,19,189.6369
F,Update,9,R.I,Yellow,143,01:28:52.9307000,127,00:24:51.5389000,16,00:00:00,3,22,19,189.6369
F,Update,9,R.I,Yellow,143,01:28:52.9307000,127,00:25:11.2259000,16,00:00:00,3,22,19,189.6369
F,Update,9,R.I,Yellow,143,01:28:52.9307000,127,00:25:31.2456000,16,00:00:00,3,22,19,189.6369
F,Update,9,R.I,Yellow,143,01:28:52.9307000,127,00:25:51.2606000,16,00:00:00,3,22,19,189.6369
F,Update,9,R.I,Yellow,144,01:28:52.9307000,127,00:26:11.2766000,17,00:00:00,3,22,19,188.2307
F,Update,9,R.I,Yellow,144,01:28:52.9307000,127,00:26:31.2818000,17,00:00:00,3,22,19,188.2307
F,Update,9,R.I,Yellow,144,01:28:52.9307000,127,00:26:51.2968000,17,00:00:00,3,22,19,188.2307
F,Update,9,R.I,Yellow,144,01:28:52.9307000,127,00:27:11.3128000,17,00:00:00,3,22,19,188.2307
F,Update,9,R.I,Yellow,144,01:28:52.9307000,127,00:27:31.3482000,17,00:00:00,3,22,19,188.2307
F,Update,9,R.I,Yellow,145,01:28:52.9307000,127,00:27:51.3642000,18,00:00:00,3,22,19,186.8552
F,Update,9,R.I,Yellow,145,01:28:52.9307000,127,00:28:11.3802000,18,00:00:00,3,22,19,186.8552
F,Update,9,R.I,Yellow,145,01:28:52.9307000,127,00:28:31.3952000,18,00:00:00,3,22,19,186.8552
F,Update,9,R.I,Yellow,145,01:28:52.9307000,127,00:28:51.4036000,18,00:00:00,3,22,19,186.8552
F,Update,9,R.I,Yellow,146,01:28:52.9307000,127,00:29:11.4196000,19,00:00:00,3,22,19,185.545
F,Update,9,R.I,Yellow,146,01:28:52.9307000,127,00:29:31.4346000,19,00:00:00,3,22,19,185.545
F,Update,9,R.I,Yellow,146,01:28:52.9307000,127,00:29:51.4508000,19,00:00:00,3,22,19,185.545
F,Update,9,R.I,Yellow,146,01:28:52.9307000,127,00:30:11.4658000,19,00:00:00,3,22,19,185.545
F,Update,9,R.I,Yellow,146,01:28:52.9307000,127,00:30:31.4818000,19,00:00:00,3,22,19,185.545
F,Update,9,R.I,Yellow,147,01:28:52.9307000,127,00:30:51.4861000,20,00:00:00,3,22,19,184.2649
F,Update,9,R.I,Yellow,147,01:28:52.9307000,127,00:31:11.5011000,20,00:00:00,3,22,19,184.2649
F,Update,9,R.I,Yellow,147,01:28:52.9307000,127,00:31:31.5171000,20,00:00:00,3,22,19,184.2649
F,Update,9,R.I,Yellow,147,01:28:52.9307000,127,00:31:51.5331000,20,00:00:00,3,22,19,184.2649
F,New,10,R.I,Green,147,01:28:53.3645000,127,00:32:05.8692000,20,00:00:00,3,22,19,184.2649
F,Update,10,R.I,Green,147,01:28:58.2865000,127,00:32:05.8692000,20,00:00:00,3,22,19,184.2649
F,Update,10,R.I,Green,148,01:29:18.3025000,128,00:32:05.8692000,20,00:00:00,3,22,19,183.2586
F,Update,10,R.I,Green,148,01:29:38.3175000,128,00:32:05.8692000,20,00:00:00,3,22,19,183.2586
F,Update,10,R.I,Green,149,01:29:58.3381000,129,00:32:05.8692000,20,00:00:00,3,22,19,183.4467
F,Update,10,R.I,Green,149,01:30:18.3541000,129,00:32:05.8692000,20,00:00:00,3,22,19,183.4467
F,Update,10,R.I,Green,150,01:30:38.3691000,130,00:32:05.8692000,20,00:00:00,3,22,19,183.6498
F,Update,10,R.I,Green,150,01:30:58.3752000,130,00:32:05.8692000,20,00:00:00,3,22,19,183.6498
F,Update,10,R.I,Green,151,01:31:18.3902000,131,00:32:05.8692000,20,00:00:00,3,2,20,183.846
F,Update,10,R.I,Green,151,01:31:38.4062000,131,00:32:05.8692000,20,00:00:00,3,2,20,183.846
F,Update,10,R.I,Green,152,01:31:58.4366000,132,00:32:05.8692000,20,00:00:00,3,2,20,184.0413
F,Update,10,R.I,Green,152,01:32:18.4516000,132,00:32:05.8692000,20,00:00:00,3,2,20,184.0413
F,Update,10,R.I,Green,153,01:32:38.4676000,133,00:32:05.8692000,20,00:00:00,3,2,20,184.2341
F,Update,10,R.I,Green,153,01:32:58.4836000,133,00:32:05.8692000,20,00:00:00,3,2,20,184.2341
F,Update,10,R.I,Green,154,01:33:18.4911000,134,00:32:05.8692000,20,00:00:00,3,2,20,184.4197
F,Update,10,R.I,Green,154,01:33:38.5071000,134,00:32:05.8692000,20,00:00:00,3,2,20,184.4197
F,Update,10,R.I,Green,155,01:33:58.5381000,135,00:32:05.8692000,20,00:00:00,3,2,20,184.6049
F,Update,10,R.I,Green,155,01:34:18.5412000,135,00:32:05.8692000,20,00:00:00,3,2,20,184.6049
F,Update,10,R.I,Green,156,01:34:38.5572000,136,00:32:05.8692000,20,00:00:00,3,2,20,184.7898
F,Update,10,R.I,Green,156,01:34:58.5722000,136,00:32:05.8692000,20,00:00:00,3,2,20,184.7898
F,Update,10,R.I,Green,157,01:35:18.5793000,137,00:32:05.8692000,20,00:00:00,3,2,20,184.9724
F,Update,10,R.I,Green,157,01:35:38.5953000,137,00:32:05.8692000,20,00:00:00,3,2,20,184.9724
F,Update,10,R.I,Green,158,01:35:58.2823000,138,00:32:05.8692000,20,00:00:00,3,2,20,185.1498
F,Update,10,R.I,Green,158,01:36:18.2983000,138,00:32:05.8692000,20,00:00:00,3,2,20,185.1498
F,Update,10,R.I,Green,159,01:36:38.3145000,139,00:32:05.8692000,20,00:00:00,3,2,20,185.3244
F,Update,10,R.I,Green,159,01:36:58.3305000,139,00:32:05.8692000,20,00:00:00,3,2,20,185.3244
F,Update,10,R.I,Green,160,01:37:18.3465000,140,00:32:05.8692000,20,00:00:00,3,2,20,185.4965
F,Update,10,R.I,Green,160,01:37:38.3670000,140,00:32:05.8692000,20,00:00:00,3,2,20,185.4965
F,Update,10,R.I,Green,160,01:37:58.3830000,140,00:32:05.8692000,20,00:00:00,3,2,20,185.4965
F,Update,10,R.I,Green,161,01:38:18.3980000,141,00:32:05.8692000,20,00:00:00,3,2,20,185.6651
F,Update,10,R.I,Green,161,01:38:38.4024000,141,00:32:05.8692000,20,00:00:00,3,2,20,185.6651
F,Update,10,R.I,Green,162,01:38:58.4184000,142,00:32:05.8692000,20,00:00:00,3,2,20,185.8293
F,Update,10,R.I,Green,162,01:39:18.4334000,142,00:32:05.8692000,20,00:00:00,3,2,20,185.8293
F,Update,10,R.I,Green,163,01:39:38.4529000,143,00:32:05.8692000,20,00:00:00,3,2,20,185.9908
F,Update,10,R.I,Green,163,01:39:58.4689000,143,00:32:05.8692000,20,00:00:00,3,2,20,185.9908
F,Update,10,R.I,Green,164,01:40:18.4839000,144,00:32:05.8692000,20,00:00:00,3,2,20,186.1513
F,Update,10,R.I,Green,164,01:40:38.4999000,144,00:32:05.8692000,20,00:00:00,3,2,20,186.1513
F,Update,10,R.I,Green,165,01:40:58.5199000,145,00:32:05.8692000,20,00:00:00,3,2,20,186.3079
F,Update,10,R.I,Green,165,01:41:18.5359000,145,00:32:05.8692000,20,00:00:00,3,2,20,186.3079
F,Update,10,R.I,Green,166,01:41:38.5519000,146,00:32:05.8692000,20,00:00:00,3,2,20,186.4662
F,Update,10,R.I,Green,166,01:41:58.5703000,146,00:32:05.8692000,20,00:00:00,3,2,20,186.4662
F,Update,10,R.I,Green,167,01:42:18.5863000,147,00:32:05.8692000,20,00:00:00,3,2,20,186.6234
F,Update,10,R.I,Green,167,01:42:38.6023000,147,00:32:05.8692000,20,00:00:00,3,2,20,186.6234
F,Update,10,R.I,Green,168,01:42:58.2834000,148,00:32:05.8692000,20,00:00:00,3,2,20,186.773
F,Update,10,R.I,Green,168,01:43:18.2994000,148,00:32:05.8692000,20,00:00:00,3,2,20,186.773
F,Update,10,R.I,Green,169,01:43:38.3144000,149,00:32:05.8692000,20,00:00:00,3,2,20,186.9333
F,Update,10,R.I,Green,169,01:43:58.3304000,149,00:32:05.8692000,20,00:00:00,3,2,20,186.9333
F,Update,10,R.I,Green,170,01:44:18.3458000,150,00:32:05.8692000,20,00:00:00,3,2,20,187.0956
F,Update,10,R.I,Green,170,01:44:38.3608000,150,00:32:05.8692000,20,00:00:00,3,2,20,187.0956
F,Update,10,R.I,Green,171,01:44:58.3768000,151,00:32:05.8692000,20,00:00:00,3,20,21,187.2574
F,Update,10,R.I,Green,171,01:45:18.3796000,151,00:32:05.8692000,20,00:00:00,3,20,21,187.2574
F,Update,10,R.I,Green,172,01:45:38.3956000,152,00:32:05.8692000,20,00:00:00,3,19,22,187.3415
F,Update,10,R.I,Green,172,01:45:58.4116000,152,00:32:05.8692000,20,00:00:00,3,19,22,187.3415
F,Update,10,R.I,Green,172,01:46:18.4314000,152,00:32:05.8692000,20,00:00:00,3,19,22,187.3415
F,Update,10,R.I,Green,173,01:46:38.4474000,153,00:32:05.8692000,20,00:00:00,3,12,23,187.4319
F,Update,10,R.I,Green,173,01:46:58.4634000,153,00:32:05.8692000,20,00:00:00,3,12,23,187.4319
F,Update,10,R.I,Green,174,01:47:18.4784000,154,00:32:05.8692000,20,00:00:00,3,12,23,187.6004
F,Update,10,R.I,Green,174,01:47:38.4994000,154,00:32:05.8692000,20,00:00:00,3,12,23,187.6004
F,Update,10,R.I,Green,175,01:47:58.5144000,155,00:32:05.8692000,20,00:00:00,3,12,23,187.7593
F,Update,10,R.I,Green,175,01:48:18.5304000,155,00:32:05.8692000,20,00:00:00,3,12,23,187.7593
F,Update,10,R.I,Green,176,01:48:38.5350000,156,00:32:05.8692000,20,00:00:00,3,30,24,187.809
F,Update,10,R.I,Green,176,01:48:58.5500000,156,00:32:05.8692000,20,00:00:00,3,30,24,187.809
F,Update,10,R.I,Green,177,01:49:18.5660000,157,00:32:05.8692000,20,00:00:00,3,21,25,187.8325
F,New,11,R.I,Yellow,177,01:49:23.7681000,157,00:32:06.2451000,20,00:00:00,4,21,25,187.8325
F,Update,11,R.I,Yellow,177,01:49:23.7681000,157,00:32:20.6863000,20,00:00:00,4,21,25,187.8325
F,Update,11,R.I,Yellow,177,01:49:23.7681000,157,00:32:40.7013000,20,00:00:00,4,21,25,187.8325
F,Update,11,R.I,Yellow,177,01:49:23.7681000,157,00:33:00.3893000,20,00:00:00,4,21,25,187.8325
F,Update,11,R.I,Yellow,178,01:49:23.7681000,157,00:33:20.3933000,21,00:00:00,4,21,25,187.456
F,Update,11,R.I,Yellow,178,01:49:23.7681000,157,00:33:40.4093000,21,00:00:00,4,21,25,187.456
F,Update,11,R.I,Yellow,178,01:49:23.7681000,157,00:34:00.4253000,21,00:00:00,4,21,25,187.456
F,Update,11,R.I,Yellow,178,01:49:23.7681000,157,00:34:20.4403000,21,00:00:00,4,21,25,187.456
F,Update,11,R.I,Yellow,178,01:49:23.7681000,157,00:34:40.4601000,21,00:00:00,4,21,25,187.456
F,Update,11,R.I,Yellow,179,01:49:23.7681000,157,00:35:00.4751000,22,00:00:00,4,21,25,186.0039
F,Update,11,R.I,Yellow,179,01:49:23.7681000,157,00:35:20.4911000,22,00:00:00,4,21,25,186.0039
F,Update,11,R.I,Yellow,179,01:49:23.7681000,157,00:35:40.5115000,22,00:00:00,4,21,25,186.0039
F,Update,11,R.I,Yellow,179,01:49:23.7681000,157,00:36:00.5265000,22,00:00:00,4,21,25,186.0039
F,Update,11,R.I,Yellow,179,01:49:23.7681000,157,00:36:20.5425000,22,00:00:00,4,21,25,186.0039
F,Update,11,R.I,Yellow,179,01:49:23.7681000,157,00:36:40.5478000,22,00:00:00,4,21,25,186.0039
F,Update,11,R.I,Yellow,179,01:49:23.7681000,157,00:37:00.5628000,22,00:00:00,4,21,25,186.0039
F,Update,11,R.I,Yellow,179,01:49:23.7681000,157,00:37:20.5788000,22,00:00:00,4,21,25,186.0039
F,Update,11,R.I,Yellow,180,01:49:23.7681000,157,00:37:40.5938000,23,00:00:00,4,21,25,183.8748
F,Update,11,R.I,Yellow,180,01:49:23.7681000,157,00:38:00.6337000,23,00:00:00,4,21,25,183.8748
F,Update,11,R.I,Yellow,180,01:49:23.7681000,157,00:38:20.6497000,23,00:00:00,4,21,25,183.8748
F,Update,11,R.I,Yellow,180,01:49:23.7681000,157,00:38:40.6647000,23,00:00:00,4,21,25,183.8748
F,Update,11,R.I,Yellow,180,01:49:23.7681000,157,00:39:00.6653000,23,00:00:00,4,21,25,183.8748
F,Update,11,R.I,Yellow,180,01:49:23.7681000,157,00:39:20.6813000,23,00:00:00,4,21,25,183.8748
F,New,12,R.I,Red,180,01:49:23.7681000,157,00:39:24.3702000,23,00:00:00.2481000,4,21,25,183.8748
F,Update,12,R.I,Red,180,01:49:23.7681000,157,00:39:24.3702000,23,00:00:16.3261000,4,21,25,183.8748
F,Update,12,R.I,Red,180,01:49:23.7681000,157,00:39:24.3702000,23,00:00:36.3309000,4,21,25,183.8748
F,Update,12,R.I,Red,180,01:49:23.7681000,157,00:39:24.3702000,23,00:00:56.0179000,4,21,25,183.8748
F,Update,12,R.I,Red,180,01:49:23.7681000,157,00:39:24.3702000,23,00:01:16.0339000,4,21,25,183.8748
F,Update,12,R.I,Red,180,01:49:23.7681000,157,00:39:24.3702000,23,00:01:36.0684000,4,21,25,183.8748
F,Update,12,R.I,Red,180,01:49:23.7681000,157,00:39:24.3702000,23,00:01:56.0834000,4,21,25,183.8748
F,Update,12,R.I,Red,180,01:49:23.7681000,157,00:39:24.3702000,23,00:02:16.0994000,4,21,25,183.8748
F,Update,12,R.I,Red,180,01:49:23.7681000,157,00:39:24.3702000,23,00:02:36.1144000,4,21,25,183.8748
F,Update,12,R.I,Red,180,01:49:23.7681000,157,00:39:24.3702000,23,00:02:56.1204000,4,21,25,183.8748
F,Update,12,R.I,Red,180,01:49:23.7681000,157,00:39:24.3702000,23,00:03:16.1364000,4,21,25,183.8748
F,Update,12,R.I,Red,180,01:49:23.7681000,157,00:39:24.3702000,23,00:03:36.1514000,4,21,25,183.8748
F,Update,12,R.I,Red,180,01:49:23.7681000,157,00:39:24.3702000,23,00:03:56.1713000,4,21,25,183.8748
F,Update,12,R.I,Red,180,01:49:23.7681000,157,00:39:24.3702000,23,00:04:16.1873000,4,21,25,183.8748
F,Update,12,R.I,Red,180,01:49:23.7681000,157,00:39:24.3702000,23,00:04:36.2023000,4,21,25,183.8748
F,Update,12,R.I,Red,180,01:49:23.7681000,157,00:39:24.3702000,23,00:04:56.2074000,4,21,25,183.8748
F,Update,12,R.I,Red,180,01:49:23.7681000,157,00:39:24.3702000,23,00:05:16.2224000,4,21,25,183.8748
F,Update,12,R.I,Red,180,01:49:23.7681000,157,00:39:24.3702000,23,00:05:36.2384000,4,21,25,183.8748
F,Update,12,R.I,Red,180,01:49:23.7681000,157,00:39:24.3702000,23,00:05:56.2544000,4,21,25,183.8748
F,Update,12,R.I,Red,180,01:49:23.7681000,157,00:39:24.3702000,23,00:06:16.2736000,4,21,25,183.8748
F,Update,12,R.I,Red,180,01:49:23.7681000,157,00:39:24.3702000,23,00:06:36.2896000,4,21,25,183.8748
F,Update,12,R.I,Red,180,01:49:23.7681000,157,00:39:24.3702000,23,00:06:56.3056000,4,21,25,183.8748
F,Update,12,R.I,Red,180,01:49:23.7681000,157,00:39:24.3702000,23,00:07:16.3282000,4,21,25,183.8748
F,Update,12,R.I,Red,180,01:49:23.7681000,157,00:39:24.3702000,23,00:07:36.0162000,4,21,25,183.8748
F,Update,12,R.I,Red,180,01:49:23.7681000,157,00:39:24.3702000,23,00:07:56.0312000,4,21,25,183.8748
F,Update,12,R.I,Red,180,01:49:23.7681000,157,00:39:24.3702000,23,00:08:16.0507000,4,21,25,183.8748
F,Update,12,R.I,Red,180,01:49:23.7681000,157,00:39:24.3702000,23,00:08:36.0667000,4,21,25,183.8748
F,Update,12,R.I,Red,180,01:49:23.7681000,157,00:39:24.3702000,23,00:08:56.0817000,4,21,25,183.8748
F,Update,12,R.I,Red,180,01:49:23.7681000,157,00:39:24.3702000,23,00:09:16.0828000,4,21,25,183.8748
F,Update,12,R.I,Red,180,01:49:23.7681000,157,00:39:24.3702000,23,00:09:36.0978000,4,21,25,183.8748
F,Update,12,R.I,Red,180,01:49:23.7681000,157,00:39:24.3702000,23,00:09:56.1138000,4,21,25,183.8748
F,Update,12,R.I,Red,180,01:49:23.7681000,157,00:39:24.3702000,23,00:10:16.1298000,4,21,25,183.8748
F,Update,12,R.I,Red,180,01:49:23.7681000,157,00:39:24.3702000,23,00:10:36.1539000,4,21,25,183.8748
F,Update,12,R.I,Red,180,01:49:23.7681000,157,00:39:24.3702000,23,00:10:56.1699000,4,21,25,183.8748
F,Update,12,R.I,Red,180,01:49:23.7681000,157,00:39:24.3702000,23,00:11:16.1859000,4,21,25,183.8748
F,Update,12,R.I,Red,180,01:49:23.7681000,157,00:39:24.3702000,23,00:11:36.1853000,4,21,25,183.8748
F,Update,12,R.I,Red,180,01:49:23.7681000,157,00:39:24.3702000,23,00:11:56.2013000,4,21,25,183.8748
F,Update,12,R.I,Red,180,01:49:23.7681000,157,00:39:24.3702000,23,00:12:16.2163000,4,21,25,183.8748
F,Update,12,R.I,Red,180,01:49:23.7681000,157,00:39:24.3702000,23,00:12:36.2359000,4,21,25,183.8748
F,Update,12,R.I,Red,180,01:49:23.7681000,157,00:39:24.3702000,23,00:12:56.2519000,4,21,25,183.8748
F,Update,12,R.I,Red,180,01:49:23.7681000,157,00:39:24.3702000,23,00:13:16.2669000,4,21,25,183.8748
F,Update,12,R.I,Red,180,01:49:23.7681000,157,00:39:24.3702000,23,00:13:36.2829000,4,21,25,183.8748
F,Update,12,R.I,Red,180,01:49:23.7681000,157,00:39:24.3702000,23,00:13:56.3070000,4,21,25,183.8748
F,Update,12,R.I,Red,180,01:49:23.7681000,157,00:39:24.3702000,23,00:14:16.3220000,4,21,25,183.8748
F,Update,12,R.I,Red,180,01:49:23.7681000,157,00:39:24.3702000,23,00:14:36.0100000,4,21,25,183.8748
F,Update,12,R.I,Red,180,01:49:23.7681000,157,00:39:24.3702000,23,00:14:56.0252000,4,21,25,183.8748
F,Update,12,R.I,Red,180,01:49:23.7681000,157,00:39:24.3702000,23,00:15:16.0412000,4,21,25,183.8748
F,Update,12,R.I,Red,180,01:49:23.7681000,157,00:39:24.3702000,23,00:15:36.0572000,4,21,25,183.8748
F,Update,12,R.I,Red,180,01:49:23.7681000,157,00:39:24.3702000,23,00:15:56.0773000,4,21,25,183.8748
F,Update,12,R.I,Red,180,01:49:23.7681000,157,00:39:24.3702000,23,00:16:16.0933000,4,21,25,183.8748
F,Update,12,R.I,Red,180,01:49:23.7681000,157,00:39:24.3702000,23,00:16:36.1083000,4,21,25,183.8748
F,Update,12,R.I,Red,180,01:49:23.7681000,157,00:39:24.3702000,23,00:16:56.1243000,4,21,25,183.8748
F,Update,12,R.I,Red,180,01:49:23.7681000,157,00:39:24.3702000,23,00:17:16.1291000,4,21,25,183.8748
F,Update,12,R.I,Red,180,01:49:23.7681000,157,00:39:24.3702000,23,00:17:36.1441000,4,21,25,183.8748
F,Update,12,R.I,Red,180,01:49:23.7681000,157,00:39:24.3702000,23,00:17:56.1601000,4,21,25,183.8748
F,New,13,R.I,Yellow,180,01:49:23.7681000,157,00:39:24.7542000,23,00:18:02.0101000,5,21,25,183.8748
F,Update,13,R.I,Yellow,180,01:49:23.7681000,157,00:39:38.5401000,23,00:18:02.0101000,5,21,25,183.8748
F,Update,13,R.I,Yellow,180,01:49:23.7681000,157,00:39:58.5551000,23,00:18:02.0101000,5,21,25,183.8748
F,Update,13,R.I,Yellow,180,01:49:23.7681000,157,00:40:18.5711000,23,00:18:02.0101000,5,21,25,183.8748
F,Update,13,R.I,Yellow,180,01:49:23.7681000,157,00:40:38.5829000,23,00:18:02.0101000,5,21,25,183.8748
F,Update,13,R.I,Yellow,180,01:49:23.7681000,157,00:40:58.5989000,23,00:18:02.0101000,5,21,25,183.8748
F,Update,13,R.I,Yellow,180,01:49:23.7681000,157,00:41:18.6149000,23,00:18:02.0101000,5,21,25,183.8748
F,Update,13,R.I,Yellow,181,01:49:23.7681000,157,00:41:38.6258000,24,00:18:02.0101000,5,27,26,179.9673
F,Update,13,R.I,Yellow,181,01:49:23.7681000,157,00:41:58.6418000,24,00:18:02.0101000,5,27,26,179.9673
F,Update,13,R.I,Yellow,181,01:49:23.7681000,157,00:42:18.6578000,24,00:18:02.0101000,5,27,26,179.9673
F,Update,13,R.I,Yellow,181,01:49:23.7681000,157,00:42:38.6728000,24,00:18:02.0101000,5,27,26,179.9673
F,Update,13,R.I,Yellow,181,01:49:23.7681000,157,00:42:58.6773000,24,00:18:02.0101000,5,27,26,179.9673
F,Update,13,R.I,Yellow,181,01:49:23.7681000,157,00:43:18.6923000,24,00:18:02.0101000,5,27,26,179.9673
F,Update,13,R.I,Yellow,182,01:49:23.7681000,157,00:43:38.3803000,25,00:18:02.0101000,5,27,26,178.6791
F,Update,13,R.I,Yellow,182,01:49:23.7681000,157,00:43:58.4056000,25,00:18:02.0101000,5,27,26,178.6791
F,Update,13,R.I,Yellow,182,01:49:23.7681000,157,00:44:18.4206000,25,00:18:02.0101000,5,27,26,178.6791
F,Update,13,R.I,Yellow,182,01:49:23.7681000,157,00:44:38.4366000,25,00:18:02.0101000,5,27,26,178.6791
F,Update,13,R.I,Yellow,182,01:49:23.7681000,157,00:44:58.4357000,25,00:18:02.0101000,5,27,26,178.6791
F,Update,13,R.I,Yellow,183,01:49:23.7681000,157,00:45:18.4517000,26,00:18:02.0101000,5,27,26,177.6169
F,Update,13,R.I,Yellow,183,01:49:23.7681000,157,00:45:38.4677000,26,00:18:02.0101000,5,27,26,177.6169
F,Update,13,R.I,Yellow,183,01:49:23.7681000,157,00:45:58.4827000,26,00:18:02.0101000,5,27,26,177.6169
F,Update,13,R.I,Yellow,183,01:49:23.7681000,157,00:46:18.5021000,26,00:18:02.0101000,5,27,26,177.6169
F,Update,13,R.I,Yellow,183,01:49:23.7681000,157,00:46:38.5181000,26,00:18:02.0101000,5,27,26,177.6169
F,Update,13,R.I,Yellow,183,01:49:23.7681000,157,00:46:58.5331000,26,00:18:02.0101000,5,27,26,177.6169
F,Update,13,R.I,Yellow,184,01:49:23.7681000,157,00:47:18.5626000,27,00:18:02.0101000,5,27,26,176.2647
F,Update,13,R.I,Yellow,184,01:49:23.7681000,157,00:47:38.5776000,27,00:18:02.0101000,5,27,26,176.2647
F,Update,13,R.I,Yellow,184,01:49:23.7681000,157,00:47:58.5936000,27,00:18:02.0101000,5,27,26,176.2647
F,Update,13,R.I,Yellow,184,01:49:23.7681000,157,00:48:18.5924000,27,00:18:02.0101000,5,27,26,176.2647
F,Update,13,R.I,Yellow,184,01:49:23.7681000,157,00:48:38.6074000,27,00:18:02.0101000,5,27,26,176.2647
F,Update,13,R.I,Yellow,184,01:49:23.7681000,157,00:48:58.6234000,27,00:18:02.0101000,5,27,26,176.2647
F,Update,13,R.I,Yellow,185,01:49:23.7681000,157,00:49:18.6407000,28,00:18:02.0101000,5,27,26,174.9861
F,Update,13,R.I,Yellow,185,01:49:23.7681000,157,00:49:38.6557000,28,00:18:02.0101000,5,27,26,174.9861
F,Update,13,R.I,Yellow,185,01:49:23.7681000,157,00:49:58.6717000,28,00:18:02.0101000,5,27,26,174.9861
F,Update,13,R.I,Yellow,185,01:49:23.7681000,157,00:50:18.3587000,28,00:18:02.0101000,5,27,26,174.9861
F,Update,13,R.I,Yellow,185,01:49:23.7681000,157,00:50:38.3793000,28,00:18:02.0101000,5,27,26,174.9861
F,Update,13,R.I,Yellow,185,01:49:23.7681000,157,00:50:58.3953000,28,00:18:02.0101000,5,27,26,174.9861
F,Update,13,R.I,Yellow,186,01:49:23.7681000,157,00:51:18.4103000,29,00:18:02.0101000,5,27,26,173.9576
F,Update,13,R.I,Yellow,186,01:49:23.7681000,157,00:51:38.4301000,29,00:18:02.0101000,5,27,26,173.9576
F,Update,13,R.I,Yellow,186,01:49:23.7681000,157,00:51:58.4451000,29,00:18:02.0101000,5,27,26,173.9576
F,New,14,R.I,Green,186,01:49:24.0791000,157,00:52:10.9311000,29,00:18:02.0101000,5,27,26,173.9576
F,Update,14,R.I,Green,186,01:49:31.2981000,157,00:52:10.9311000,29,00:18:02.0101000,5,27,26,173.9576
F,Update,14,R.I,Green,187,01:49:51.3342000,158,00:52:10.9311000,29,00:18:02.0101000,5,22,27,173.3801
F,Update,14,R.I,Green,187,01:50:11.3342000,158,00:52:10.9311000,29,00:18:02.0101000,5,22,27,173.3801
F,Update,14,R.I,Green,188,01:50:31.3502000,159,00:52:10.9311000,29,00:18:02.0101000,5,22,27,173.5686
F,Update,14,R.I,Green,188,01:50:51.3662000,159,00:52:10.9311000,29,00:18:02.0101000,5,22,27,173.5686
F,Update,14,R.I,Green,189,01:51:11.3695000,160,00:52:10.9311000,29,00:18:02.0101000,5,22,27,173.7608
F,Update,14,R.I,Green,189,01:51:31.3855000,160,00:52:10.9311000,29,00:18:02.0101000,5,22,27,173.7608
F,Update,14,R.I,Green,190,01:51:51.4005000,161,00:52:10.9311000,29,00:18:02.0101000,5,22,27,173.9568
F,Update,14,R.I,Green,190,01:52:11.4211000,161,00:52:10.9311000,29,00:18:02.0101000,5,22,27,173.9568
F,Update,14,R.I,Green,191,01:52:31.4371000,162,00:52:10.9311000,29,00:18:02.0101000,5,22,27,174.1484
F,Update,14,R.I,Green,191,01:52:51.4521000,162,00:52:10.9311000,29,00:18:02.0101000,5,22,27,174.1484
F,Update,14,R.I,Green,192,01:53:11.4599000,163,00:52:10.9311000,29,00:18:02.0101000,5,22,27,174.3377
F,Update,14,R.I,Green,192,01:53:31.4759000,163,00:52:10.9311000,29,00:18:02.0101000,5,22,27,174.3377
F,Update,14,R.I,Green,193,01:53:51.4909000,164,00:52:10.9311000,29,00:18:02.0101000,5,22,27,174.5257
F,Update,14,R.I,Green,193,01:54:11.5061000,164,00:52:10.9311000,29,00:18:02.0101000,5,22,27,174.5257
F,Update,14,R.I,Green,194,01:54:31.5211000,165,00:52:10.9311000,29,00:18:02.0101000,5,22,27,174.7117
F,Update,14,R.I,Green,194,01:54:51.2091000,165,00:52:10.9311000,29,00:18:02.0101000,5,22,27,174.7117
F,Update,14,R.I,Green,195,01:55:11.2251000,166,00:52:10.9311000,29,00:18:02.0101000,5,22,27,174.8961
F,Update,14,R.I,Green,195,01:55:31.2310000,166,00:52:10.9311000,29,00:18:02.0101000,5,22,27,174.8961
F,Update,14,R.I,Green,196,01:55:51.2620000,167,00:52:10.9311000,29,00:18:02.0101000,5,22,27,175.0786
F,Update,14,R.I,Green,196,01:56:11.2620000,167,00:52:10.9311000,29,00:18:02.0101000,5,22,27,175.0786
F,Update,14,R.I,Green,197,01:56:31.3000000,168,00:52:10.9311000,29,00:18:02.0101000,5,22,27,175.26
F,Update,14,R.I,Green,197,01:56:51.3160000,168,00:52:10.9311000,29,00:18:02.0101000,5,22,27,175.26
F,Update,14,R.I,Green,198,01:57:11.3310000,169,00:52:10.9311000,29,00:18:02.0101000,5,27,28,175.44
F,Update,14,R.I,Green,198,01:57:31.3334000,169,00:52:10.9311000,29,00:18:02.0101000,5,27,28,175.44
F,Update,14,R.I,Green,199,01:57:51.3494000,170,00:52:10.9311000,29,00:18:02.0101000,5,22,29,175.6168
F,Update,14,R.I,Green,199,01:58:11.3644000,170,00:52:10.9311000,29,00:18:02.0101000,5,22,29,175.6168
F,New,15,R.I,Checkered,199,01:58:22.5204000,170,00:52:10.9311000,29,00:18:02.0101000,5,22,29,175.6168
F,Update,15,R.I,Checkered,200,01:58:31.3804000,170,00:52:10.9311000,29,00:18:02.0101000,5,22,29,175.7936
F,Update,15,R.I,Checkered,200,01:58:51.3983000,170,00:52:10.9311000,29,00:18:02.0101000,5,22,29,175.7936
